Order ID,Date,Product,Category,Customer Name,Region,Quantity,Price,Total Sales,Customer Acquisition Date
786198c8-863b-4965-9720-ee3b90d97052,2025-02-04,Smartphone,Electronics,Leslie Alexander,South,4,912,3648,2024-05-18
bd70d97b-1d14-42a9-a545-ffdcf786f8cd,2025-04-22,Sneakers,Clothing,Leonard Jackson,North,5,883,4415,2024-08-09
c78714bf-935f-4653-9c9b-175b98353120,2024-07-11,Couch,Furniture,Tyrone Wagner,East,4,98,392,2023-12-26
719bfb7f-3f10-43f8-ab5e-79ed4c1029cc,2024-10-15,Table,Furniture,Amanda Espinoza,South,2,936,1872,2024-01-30
ec2d950a-d858-49a3-9908-1922f47e43d4,2024-10-12,Bed,Furniture,George Cooper,South,2,410,820,2024-03-01
258b6e1b-30fd-41e7-aeb4-a2c4b4af5b8f,2024-06-06,Bed,Furniture,Julie Morgan,South,5,269,1345,2023-12-09
f4984db7-c479-4688-865c-1b3b30b85153,2025-03-06,Table,Furniture,Shelly Mccoy,South,2,244,488,2023-07-25
3a68ac6b-ecc8-43c5-828d-720c1d58a290,2025-03-21,Tablet,Electronics,Robin Morales,East,1,186,186,2023-08-07
e4ef4d31-4223-410f-8a96-f6c6a067a955,2024-05-08,Table,Furniture,Dustin Dickson,East,3,909,2727,2024-04-28
a011530d-85d7-44dd-ac34-f4254a5e976e,2025-03-30,Couch,Furniture,Lisa Miller,West,4,877,3508,2023-10-31
70e8df88-a3a4-4ceb-a8cd-3d0815c422c3,2025-02-17,Bookshelf,Furniture,Dean Huffman,East,4,364,1456,2025-02-08
b4375b80-4240-4325-9f55-1b009a6f9083,2025-03-26,Bed,Furniture,Regina Brady,West,2,498,996,2024-03-07
1e699379-db84-43a0-8cbd-7a6bfffd50d7,2024-09-16,T-Shirt,Clothing,Michelle Andrews,West,1,562,562,2024-01-31
490e3ad3-24ac-4000-828e-92d4be27e2eb,2024-09-21,Jeans,Clothing,Felicia Martinez,South,1,985,985,2023-06-30
7876bdfc-3afb-43e8-91ec-043fd0b54ca9,2024-08-14,Headphones,Electronics,Charlene Lee,West,3,460,1380,2024-06-09
36353388-8cc6-44e4-b42f-b48f62f9a531,2024-09-22,Tablet,Electronics,James Craig,West,2,519,1038,2024-06-15
8291931d-e9ab-48d3-8aa9-98c048cdad9b,2025-03-05,Hat,Clothing,Willie Williams,East,3,183,549,2023-12-30
624ebbfb-8a89-4b96-b6e9-504224ed3ff5,2025-01-13,Headphones,Electronics,Virginia Welch,East,4,551,2204,2024-07-13
71720022-4ecb-427e-958d-ee2dfc1086b7,2024-07-20,T-Shirt,Clothing,Anna Newman,East,4,786,3144,2024-02-09
3aa6935b-16ce-4f98-9712-0235ff8f315c,2024-04-30,Headphones,Electronics,Matthew Stephens,East,5,747,3735,2023-05-26
98c39924-63dd-403c-8a79-6882588f760e,2024-06-09,Tablet,Electronics,James Lane,East,1,632,632,2023-05-18
63c3c4e8-e10d-40d7-8249-cecac7c97143,2025-02-05,Smartphone,Electronics,Jeremy Schroeder,East,1,479,479,2024-07-18
fb780d35-b99f-41e5-894e-8795514360b4,2025-04-24,Bed,Furniture,Julie Wilson,West,2,953,1906,2023-12-20
a33d7f76-f331-469d-8595-6b306a0a0275,2025-03-27,Smartphone,Electronics,Joseph Davis,North,2,700,1400,2024-06-15
2278ef12-6852-4c94-bd71-3c1e384b47ee,2024-05-28,Sneakers,Clothing,Aaron Perry,South,5,649,3245,2024-05-06
ab7aa00a-76aa-4062-be8a-5bd8449ef4fb,2024-07-20,Table,Furniture,Brandy Lopez,South,1,973,973,2023-07-28
63101950-d693-43fe-8940-2b114c13e9b9,2024-12-26,Laptop,Electronics,Jonathan Lawson,West,5,316,1580,2024-08-11
02204f87-16fb-472f-9b50-c8a1eb97e9df,2024-05-20,Couch,Furniture,Brett Carlson,West,3,258,774,2023-07-25
317a4854-76f3-416e-a5d9-c767e84bccdd,2024-06-16,Smartphone,Electronics,Joan Hunter,West,3,284,852,2024-04-30
71f9e075-5b5f-4e45-94a7-e5207e422865,2025-03-23,Smartphone,Electronics,Stefanie Singleton,North,5,340,1700,2023-09-14
fb7947e2-f476-46c2-ba0d-c868e82ab6cb,2024-09-18,Jacket,Clothing,Anita Archer,South,1,271,271,2023-12-13
6d5ec9e9-401a-4197-a2bc-1f16b14aaa8a,2024-08-17,Tablet,Electronics,Rhonda Garrett,West,1,534,534,2024-02-14
647e5951-b75e-4d4b-8819-12f28310e724,2024-06-05,Jacket,Clothing,Sarah Smith,North,5,144,720,2023-07-27
ab3d59b3-c52a-481c-91bb-1fda533c6127,2024-06-07,T-Shirt,Clothing,Brandon Robertson,East,4,209,836,2024-01-28
c5c3086a-3e22-49f1-b9ec-005e5e9c8491,2025-04-24,Jacket,Clothing,Richard Carpenter,West,4,775,3100,2024-06-03
0b1eff17-ffe6-4433-a84a-4bb9436b4910,2024-07-07,Sneakers,Clothing,David Hines,South,2,248,496,2023-08-12
605e063e-d6c2-49c9-af1d-259ef8180030,2025-02-15,Couch,Furniture,Danielle Ruiz,West,5,584,2920,2023-10-18
c6c45f3a-564a-463c-bb82-ebf9462c105c,2025-02-25,Tablet,Electronics,Christina Mills,South,3,511,1533,2023-05-03
4408c4bd-ae95-450b-b53e-0e07c7309297,2024-07-05,T-Shirt,Clothing,Lisa Cobb,South,2,717,1434,2024-06-16
49b972e5-22a7-4e44-adce-0f0a8e5e01d3,2024-12-30,Jeans,Clothing,Natalie Rodriguez,North,3,684,2052,2024-04-19
5adf1aab-8a86-4e94-9f58-b01dd33c3567,2024-10-15,Sneakers,Clothing,Clayton Smith,North,4,974,3896,2024-08-22
da3a30cf-e36c-4647-8730-efa0345665d9,2024-12-10,Smartphone,Electronics,Brandy Williams,South,2,374,748,2023-09-10
4f09fb11-b75e-4b48-a9c8-fd2ace757df0,2025-03-27,T-Shirt,Clothing,Mary Harris,North,1,768,768,2024-03-19
388c4417-7113-4e3b-8070-b4963ee26759,2025-03-04,Table,Furniture,Peggy Humphrey,West,4,601,2404,2024-02-02
fc30fb9e-00bd-47a9-92dd-9b652f06da29,2024-10-22,Smartphone,Electronics,Kiara Smith,South,4,214,856,2024-08-10
327e4c69-926b-4e4a-9ba1-6de955080aa8,2024-07-23,Bookshelf,Furniture,Melinda Lee,East,4,560,2240,2023-06-11
a1002c76-76b0-47fb-b3d6-4e2911732fd0,2024-12-01,Laptop,Electronics,Jeremy Fernandez,West,3,432,1296,2023-12-29
f7bda365-ff0f-4f57-8b60-7cf7c7e003e2,2025-03-16,Sneakers,Clothing,Shelby Ponce,North,5,534,2670,2025-01-24
6a724f1d-60a5-4417-9461-529066ae80d6,2025-03-12,T-Shirt,Clothing,Hannah Meyer,South,5,952,4760,2023-10-08
acb31e44-3f62-4bdd-9a2f-ac3dc882a362,2024-11-02,Tablet,Electronics,Kelsey Schroeder,North,5,81,405,2023-10-07
e56fae41-ae7d-44b7-811e-39f5810fd4af,2024-10-11,Bed,Furniture,Erin Hoffman,West,3,810,2430,2024-04-03
56fbaaf9-d7fb-4e7b-91b7-c966cb107063,2024-09-22,Headphones,Electronics,Andrew Schmitt,South,4,673,2692,2023-06-21
af455262-7b24-4f9f-adc2-fd17c5dbca77,2024-12-22,Jacket,Clothing,Ricky Harvey,North,5,143,715,2023-06-25
be3c911e-a1d3-4ed0-ad36-c2ce57bc26c1,2024-05-25,Laptop,Electronics,Lauren Thompson,South,2,544,1088,2024-03-14
bc3e1917-4b76-4750-9dcd-afbb1331fdd5,2025-04-09,Table,Furniture,Jonathan Carrillo,North,4,503,2012,2024-10-21
e2488cf8-7d8b-4ba1-899c-3b7cfa5dd42b,2024-12-06,Bed,Furniture,Tammy Gillespie,North,4,871,3484,2024-10-18
d6cb9263-3243-4fa7-ab8a-bd89fa31dd67,2024-12-12,Jeans,Clothing,Andrew Richardson II,North,1,357,357,2024-12-03
cd58092f-604a-41bf-a242-33a7851813cc,2025-04-19,Bed,Furniture,Matthew Banks,South,2,682,1364,2024-06-29
8268608a-1b3f-4faf-8d2b-d7e14450e1ac,2025-04-07,Jeans,Clothing,Sara Foster DVM,West,4,914,3656,2024-09-22
671c1e0e-33c0-4908-add3-c53f07ae2685,2025-03-22,Bed,Furniture,Dennis Roberts,South,1,256,256,2023-12-22
aa6df0b6-3f5a-4381-a6e2-07270e5ef9cb,2024-09-23,Hat,Clothing,Janet Barrera,North,5,975,4875,2024-06-13
830dd597-c874-48f9-b469-79a2c613afcc,2025-03-11,Smartwatch,Electronics,Joseph Clark,North,5,213,1065,2024-01-28
69e7c491-acbc-4333-8c86-9b48bd2c2d27,2024-06-09,Smartphone,Electronics,Cassandra Schmitt,East,1,198,198,2023-05-30
a730366b-f0d8-4f0a-8b21-5a599fd0dd4b,2024-11-21,Tablet,Electronics,Derek Fernandez,South,4,609,2436,2024-05-18
489125e9-8dd0-421d-942f-80debc269826,2024-06-12,Headphones,Electronics,Patrick Weaver,South,1,897,897,2023-10-29
e69ccf84-cc59-4905-99fe-a45d3ffff9e3,2024-12-23,Smartwatch,Electronics,Christina Dean,East,1,489,489,2023-12-01
6fba2e61-a326-403c-adce-8f7c4afb3bd3,2025-03-14,T-Shirt,Clothing,Eric Davis,East,1,143,143,2024-03-11
494db3fe-4c9e-4992-9b5a-ee7ac344f82c,2024-08-29,Table,Furniture,Elizabeth Garcia,North,5,886,4430,2023-08-25
931ea9f2-4a43-4dc3-8679-ea1ea06edd7f,2024-05-02,Hat,Clothing,Justin Bird,West,5,466,2330,2024-02-28
6f23bf05-74a4-4d5f-899f-e44cad05c476,2025-01-19,Bed,Furniture,Melissa Torres,North,5,463,2315,2024-01-23
c927db86-2966-4cb3-8e64-70a979cba6b4,2024-05-27,Smartwatch,Electronics,Dave Werner,South,3,679,2037,2024-01-03
42342d6e-a7d6-43d7-b86d-f5f8af11be5e,2024-08-25,Bed,Furniture,Carolyn Hunt,South,5,368,1840,2023-05-25
ae43d97a-bab7-4b4f-a08a-ce23704656f2,2024-10-08,Smartphone,Electronics,James Walter,West,4,898,3592,2024-05-07
8537c60d-9534-4cac-a30a-fc8ec393a1cf,2024-09-20,Jeans,Clothing,Jason Lee,West,4,68,272,2023-12-21
e1b0d198-89c7-4b0e-99a4-340d91cdef09,2024-05-01,Bed,Furniture,Jill Payne,West,5,742,3710,2024-01-10
d8bcf601-564e-4d22-b4bf-8a9145b84fd6,2024-11-10,Couch,Furniture,Kimberly Porter,West,3,762,2286,2024-09-14
304426cc-77b7-4c46-93bd-3a4019665049,2024-09-29,Tablet,Electronics,Amber Rodriguez,South,3,880,2640,2024-07-29
894c9a98-9763-4d12-af89-1ab44da017e0,2025-02-01,Tablet,Electronics,Xavier Price,East,5,84,420,2023-07-17
1c586857-adb0-4d6d-95be-8be909d0f745,2024-08-02,Hat,Clothing,Jesse Smith,East,5,987,4935,2023-10-21
245ca5e7-eaff-4391-8b79-05213dedc169,2024-08-29,Table,Furniture,Carrie Mcdowell,North,1,245,245,2023-06-21
52fb43b5-104a-4a5f-90a8-4469f1c79acf,2024-09-29,Hat,Clothing,Richard Morrow,North,4,538,2152,2023-07-21
e5c1b485-6aab-462a-a3c7-ca18d767e823,2024-10-18,Tablet,Electronics,Sean Little,West,3,450,1350,2024-07-23
eae94da8-0e07-46e9-b9e6-8a931f21a67e,2024-06-16,Jacket,Clothing,Shawna Harrison,South,5,233,1165,2023-12-01
da6cbd99-9723-4ec6-808f-9ed66fca5b3c,2024-06-10,Sneakers,Clothing,Michael Figueroa,West,2,326,652,2023-07-07
310b69fe-729a-445c-b26e-276f3c992393,2024-07-03,Jacket,Clothing,Barry Middleton,South,4,494,1976,2023-11-21
24a5b230-46bf-4b81-b1cc-e6b04fa10455,2024-07-16,T-Shirt,Clothing,Rose Navarro,West,3,162,486,2023-11-10
7785a420-d956-49b4-9cdd-58e454952607,2024-12-23,Chair,Furniture,Rhonda Anderson,East,4,277,1108,2024-02-06
c600e9f7-4f1f-404a-a2ef-9324cd96d30c,2024-07-04,Smartwatch,Electronics,Katie Hall,South,3,124,372,2023-09-03
f4d33318-9174-4349-88ad-daea42a1e6c6,2024-09-27,T-Shirt,Clothing,Loretta Walker,North,4,751,3004,2024-06-22
ef6887f2-c3a2-4e19-ad15-21a9f6e56dc4,2025-03-25,Jeans,Clothing,Kevin Cantu,South,2,679,1358,2024-09-19
fb7815e7-a147-49ff-88ea-58c9199cf326,2025-02-24,Bookshelf,Furniture,Robert Cox,North,4,885,3540,2024-04-03
fd5b91ce-1bf8-4a58-b117-b48b77489fbd,2025-01-03,Smartwatch,Electronics,Brenda Lewis,North,5,826,4130,2023-12-26
bb5409e2-0eea-4fb8-87d6-cff28f70ad70,2025-04-21,Chair,Furniture,Charles Hernandez,East,1,746,746,2023-10-27
b469620f-c287-4400-beec-37bb530093b4,2024-05-23,Chair,Furniture,James Jones,South,2,363,726,2023-10-18
40f3b52a-becc-4bc7-b89a-d99eb1adf8cf,2024-07-07,Laptop,Electronics,Sarah Gilbert,East,1,107,107,2023-09-21
cf0eb7c4-5f92-4e17-9fe8-12f22885c4f7,2024-07-31,T-Shirt,Clothing,Tara Butler,West,1,980,980,2024-06-23
ef294048-f0dd-4de3-aa57-4722046e862c,2025-02-23,Smartwatch,Electronics,Sarah Morgan,East,3,601,1803,2025-01-03
5280a155-d8d4-48e1-918e-ac657955e6a9,2024-07-25,Jacket,Clothing,Rebecca Mitchell,East,4,424,1696,2024-06-29
ac7d3339-f63e-4d09-a18f-3152714debe9,2024-09-29,Smartwatch,Electronics,Grace Young,South,4,193,772,2024-09-20
00f71f23-55e8-4aed-807c-78aca644d4e3,2024-04-26,Laptop,Electronics,Mary Smith,North,5,635,3175,2024-04-19
67e9440c-5c19-4861-a1e5-c38b6818203d,2024-05-31,Chair,Furniture,Brenda Patrick,North,2,153,306,2023-06-12
408d8b6d-7e5b-4fbf-8601-3aba3a3a513f,2024-05-21,Chair,Furniture,Brian Perez,East,2,59,118,2023-11-29
a4971f5b-643c-4dae-be40-04a33082649b,2024-11-08,Headphones,Electronics,Linda Green,South,4,125,500,2024-06-13
c5716d65-9d8a-4a43-99ce-116423154fff,2024-08-26,Laptop,Electronics,Dr. William Wallace,North,4,740,2960,2023-12-13
e0c00e49-9f83-47a5-ac03-0c875e9d75a1,2024-12-11,Table,Furniture,Jorge Hays,East,2,879,1758,2023-12-08
3310600f-7f64-4bd0-ac36-9fa5756efb32,2024-11-18,Chair,Furniture,David Moore MD,East,5,426,2130,2023-07-05
6b0dddfe-3571-4918-8c4c-2c88bc7be95d,2024-09-12,Table,Furniture,Ann Robles,South,4,114,456,2024-04-06
c4ae83a4-460b-4a87-8b46-c8b22965e266,2024-05-23,Bed,Furniture,Scott Harris,West,5,110,550,2023-05-28
45d3f978-b0c5-4139-b91f-57cf68cc281c,2025-01-06,Hat,Clothing,Jimmy Miranda,West,3,565,1695,2023-11-02
fc840f23-a83d-4fa3-99d9-b6971a2d3960,2024-11-26,Sneakers,Clothing,Wayne Butler,West,5,871,4355,2023-08-25
a7e57b18-e7f4-46e1-a9eb-68d778917e1a,2024-08-06,Laptop,Electronics,Linda Wright,North,2,347,694,2024-02-22
995c05a8-1054-4cc5-a615-a1924dd0c41f,2025-02-19,T-Shirt,Clothing,Mrs. Jessica Weber DDS,East,4,398,1592,2023-06-20
43f68a54-f82e-4ad4-92b4-b73a9a259991,2024-06-27,Tablet,Electronics,Gloria Caldwell,East,3,702,2106,2024-01-02
a3b4739f-0997-4f26-bff4-3f60c31847b1,2025-03-26,Jeans,Clothing,Megan Butler,East,3,172,516,2025-03-13
efec459f-1aa2-4c6e-a070-e1cf78d5274d,2024-09-01,Laptop,Electronics,Alicia Luna,South,5,327,1635,2023-06-21
7b71b261-d97d-472a-8d2a-2a9117d11c44,2024-08-08,Couch,Furniture,John Moore,East,5,892,4460,2024-02-04
d07c85b2-60ef-4b40-9f0f-85673bd2006b,2024-06-25,Bed,Furniture,Robin Garcia,East,4,576,2304,2023-06-12
0328112b-7d34-4900-a81a-7e59c6701ba6,2024-10-25,Laptop,Electronics,Kimberly Adkins,North,3,815,2445,2023-05-15
bd7fc72c-e9cb-42b0-bcdf-ef43303c03c6,2024-12-15,Table,Furniture,Stephanie Preston MD,North,4,106,424,2024-10-26
2afd483a-2a92-4666-8c1b-73a7a298cdca,2024-12-16,Hat,Clothing,John Ortiz,South,5,303,1515,2024-02-08
28d6a2c3-e9f9-4d00-a510-90410112a66f,2025-01-07,Bookshelf,Furniture,Lonnie Jensen,North,1,800,800,2024-02-10
e52fc70b-6152-4c1e-a026-7c1889aa6299,2024-08-27,Chair,Furniture,Jeremy Hoffman,East,2,973,1946,2023-09-24
d61b74c8-5fd9-453d-8d7d-9c9e660985a8,2024-12-15,Smartphone,Electronics,Mrs. Deanna Morton,East,4,37,148,2024-09-05
c31b7736-c2e4-4961-ba26-d29b425f6c50,2024-06-27,Bed,Furniture,Julie Peterson,South,2,430,860,2024-05-17
df995a0e-dbfd-46b0-a70c-12d93c59558f,2024-11-23,T-Shirt,Clothing,Justin Wall,West,1,819,819,2023-09-13
dfa34446-d5d4-4cee-8c88-dc62f31d3b6b,2024-09-23,Headphones,Electronics,Wanda Thomas,West,1,460,460,2024-06-20
2a8bac83-acae-4a51-afe2-71cb6c85ae12,2024-06-17,T-Shirt,Clothing,April Vincent,South,3,72,216,2024-04-26
eec043be-18fb-41ad-9077-91c08f0710b3,2024-04-29,Hat,Clothing,Hayley Velasquez,South,3,386,1158,2023-04-30
cbbbebf4-af2a-4bea-a151-9fa2bbb25a86,2024-07-18,Bed,Furniture,Keith Watson,West,3,721,2163,2023-10-12
dc188f99-6262-44da-92c6-abf45743a7af,2024-06-13,Tablet,Electronics,Melissa Hernandez,East,4,128,512,2024-03-11
27c4a741-0bb9-4f47-97a6-8562cd29031a,2024-07-02,Smartwatch,Electronics,Nicole Murphy,South,1,352,352,2024-01-11
3b471ec7-6f18-49b1-97a9-c645a0fd2472,2024-05-10,Hat,Clothing,Daniel Hanna,South,1,464,464,2024-03-06
e8e970d3-344c-4e6f-be5c-ffc9b9ef80f6,2024-09-19,Chair,Furniture,Angela Jordan,South,5,968,4840,2023-08-17
f66ee4f9-447e-4c32-945a-3428a7d7773a,2024-06-17,Bed,Furniture,Mark Harris,East,2,930,1860,2024-02-28
1de39871-b706-4134-80be-a77c0701115f,2024-12-02,Sneakers,Clothing,Stacy Medina,North,2,592,1184,2023-10-05
fc50ebe2-1f45-4a67-9649-2818f25af9e5,2025-02-26,Hat,Clothing,Kristen Barr,East,3,129,387,2024-02-25
2ce52f60-ccc3-4073-a2e2-fc22fede9394,2025-02-23,Chair,Furniture,Wayne Marshall,South,4,247,988,2024-10-31
39a040c7-ac15-4077-86f8-3d085f35caf5,2025-02-27,Headphones,Electronics,Michelle Fox,East,2,648,1296,2024-04-01
a6ab2bf7-2e14-4070-9774-fcfe80ca5237,2025-01-01,Bookshelf,Furniture,Mark Grant,North,1,249,249,2024-11-21
5c672fc6-1a74-4bdb-b621-64c276d803d9,2024-07-07,Bookshelf,Furniture,Chelsea Moreno,South,3,81,243,2024-02-07
41d199b0-5c11-41b4-a74f-f6f70ca09632,2024-10-21,Smartphone,Electronics,Amber Brown,East,4,277,1108,2024-01-01
1ed995ff-8ed0-49f2-8e17-f4155944c7d5,2024-06-05,Bed,Furniture,Alexandra Smith,North,2,769,1538,2023-05-20
0671a7c3-1fef-45de-bdf5-7267dd05de6d,2024-11-12,T-Shirt,Clothing,Brian Stewart,West,5,961,4805,2023-06-10
0de0400e-d6d3-4559-aa8f-91b093771fea,2024-08-01,Smartwatch,Electronics,Derek Jackson,South,2,931,1862,2023-07-28
9fe28af5-2404-4a9a-a2b3-ab01550a8237,2024-06-30,Smartwatch,Electronics,Jennifer Morrison,West,3,256,768,2024-01-16
8e537ace-ce75-433d-a384-ae50f59acaae,2024-09-15,Headphones,Electronics,Gary Banks,West,4,608,2432,2024-08-01
355b0763-c953-4008-9fcb-cd4dfe1cafcb,2024-07-19,Laptop,Electronics,Alicia Reynolds,West,5,894,4470,2023-10-18
4cffc217-75c8-4b2d-a7fa-522712bb0e78,2025-03-02,T-Shirt,Clothing,Hailey Fitzgerald,West,2,665,1330,2024-01-22
79275489-0926-4219-bd04-842882799251,2024-07-17,Bookshelf,Furniture,Christopher Collins,West,1,359,359,2024-02-03
61c35375-e28d-4fbc-a190-4339ee34bbc4,2024-07-18,Sneakers,Clothing,Amanda Sims,East,4,469,1876,2023-11-22
4729612c-d407-467c-8de6-ba499d52398d,2025-03-21,Sneakers,Clothing,Thomas Bowman,East,2,76,152,2023-07-11
4a62495b-9e3a-48f6-84d4-86b400c914ed,2024-09-17,Bed,Furniture,Tracy Dominguez,East,5,787,3935,2024-05-12
ed2f10ab-6dc1-4af3-bc3b-41da54838217,2024-12-27,Hat,Clothing,George Garcia,West,1,147,147,2024-07-01
fe0e9762-fc31-45c6-a18e-59c272b213dc,2024-05-22,Jacket,Clothing,Todd Johnson,West,3,620,1860,2023-06-28
90f9b77a-b2dc-4480-a87b-3ed4911a83fc,2024-11-06,Jeans,Clothing,Caleb Chapman,North,2,151,302,2024-03-31
29759713-2972-484b-bf00-28f4b4a90418,2025-01-26,Tablet,Electronics,Michael Burke,North,5,686,3430,2023-09-18
0ae83286-82c2-41c3-9a2f-e2de1e1f78ba,2024-05-19,Laptop,Electronics,Julie Butler,South,2,640,1280,2023-11-24
5b4e0b89-a4c8-4448-b88d-dd09cd13ef02,2024-11-24,Jacket,Clothing,Sydney Sharp,East,1,863,863,2023-08-01
f5a2a1d5-d8fa-42f2-a979-b9d997905d92,2024-11-09,Bookshelf,Furniture,Brandy Sutton,South,4,42,168,2023-05-08
c7189509-1314-42d6-968f-d9bfe74a8098,2024-11-09,Jacket,Clothing,Stacey Rodriguez,East,3,24,72,2023-05-02
1bc4c3b8-b678-419b-a08f-fb0f8c65f770,2024-09-26,Laptop,Electronics,Carla Rice,West,4,144,576,2023-12-14
907ec728-5ace-4e10-ae2f-1a736ed5b6af,2024-09-05,Sneakers,Clothing,Teresa Cox,East,1,784,784,2023-12-07
285e3399-34a3-4733-b71b-45523a1e2d96,2024-10-08,Jeans,Clothing,Amy Smith,South,1,33,33,2023-09-24
a813bbd3-767b-46e8-8b71-7c2c87f4cf11,2024-06-23,Couch,Furniture,Michael Taylor,East,1,300,300,2024-03-14
ab4fcf07-a3cb-490c-9f2e-33998d29b11f,2024-05-07,T-Shirt,Clothing,Matthew Griffith,West,2,799,1598,2023-05-31
c462fbfa-3e4f-4005-8fbe-90edbaf4e8a8,2024-09-24,Smartwatch,Electronics,Molly Young,North,5,508,2540,2024-01-12
eac87bdf-fa51-4479-8ec5-4946ce178d21,2024-05-23,Chair,Furniture,Nicholas Lutz,South,3,418,1254,2024-04-11
25ee8c21-dbfe-4a96-b4a8-f35c0ebcb767,2024-11-18,Jeans,Clothing,Tracey Smith,East,2,881,1762,2024-03-27
aa836db5-d845-41bc-ac1b-48dfe406da41,2024-11-09,Laptop,Electronics,Casey Meyer,East,5,635,3175,2023-06-14
bf99dc34-be14-4b62-bfd6-e46004f378a1,2024-10-08,T-Shirt,Clothing,Eduardo Carson,South,5,400,2000,2023-08-13
65c314c9-6b08-4be6-af0b-b77ddf332a86,2024-11-09,Chair,Furniture,Sara Garza,North,4,501,2004,2024-01-27
9018d541-f13d-4024-8ab4-2e4b51ace90c,2025-02-27,Table,Furniture,Jennifer Freeman,West,3,953,2859,2024-08-29
9d24e4fa-37ad-4718-a841-0568753f108f,2024-10-29,Bed,Furniture,Tracie Smith,West,2,683,1366,2024-03-15
24cc2002-f6a3-41e0-813a-cbc2f3cf85c6,2024-12-06,Sneakers,Clothing,Ms. Susan Smith,West,1,699,699,2023-07-22
ca3c8380-b522-42d5-9ad6-096c35b9e64a,2025-03-09,Smartphone,Electronics,Monica Martinez,North,5,226,1130,2023-06-28
d22a325c-8cb7-4082-906a-6af67dcc8ea2,2024-05-31,Hat,Clothing,Bradley Turner,North,1,551,551,2023-05-02
8cdbafa8-9ea6-4124-b32b-374e0bb6fd71,2024-06-11,Jacket,Clothing,Megan Douglas,North,1,162,162,2023-08-25
ae956af7-6ae2-4ce3-83d8-3208134cae5c,2024-09-27,Headphones,Electronics,Dana Johnson,East,4,440,1760,2024-03-30
eca41b93-714b-4cb4-be42-f95e9481f522,2025-02-22,Jacket,Clothing,Dylan Zhang,East,2,613,1226,2023-06-25
020f841b-e594-40f1-8010-fc225180ee41,2025-02-20,Smartwatch,Electronics,David Maynard,East,4,462,1848,2024-04-06
557f0284-0c17-45bc-8a9c-127fea3ee97d,2024-11-03,Table,Furniture,Jennifer Brown,West,5,202,1010,2023-05-03
47a36a0c-5d57-4549-8203-57b43b674908,2024-10-17,Jacket,Clothing,Robert Smith,East,5,355,1775,2023-12-16
c5aefa0c-5627-4838-ab33-0a799e9b5d71,2024-09-04,Laptop,Electronics,Kayla Dudley,South,1,250,250,2024-06-15
d713d024-39af-4d7f-9d27-9b8cb9245149,2024-12-17,Chair,Furniture,Charles Lewis,South,2,204,408,2023-11-22
e0e6a3d4-372c-4ad0-8469-2c913df12755,2024-07-11,Couch,Furniture,Jonathon King,West,5,500,2500,2024-05-10
7a2eec83-415d-4b1a-817a-ead10e9eee96,2024-05-05,Laptop,Electronics,Spencer Jackson,South,3,217,651,2023-07-28
14db0999-c937-48f0-b05a-6fcbab43b641,2024-07-18,Bookshelf,Furniture,Sharon Parsons,East,5,333,1665,2023-06-04
87694cca-9fc6-4504-b5be-7c7be299322b,2024-08-02,Smartwatch,Electronics,Rachel Nichols,South,4,661,2644,2023-06-02
929a363c-58dd-4e7f-b0ab-532b5f0c3dea,2025-02-24,Table,Furniture,Melissa Ochoa,North,2,120,240,2024-03-20
84291bf3-6988-4889-a63c-2d8a95f55292,2025-04-09,Headphones,Electronics,Joshua Valdez,North,4,377,1508,2024-07-06
2fb50b9f-77e2-4b42-a686-84c2e8c62c2f,2024-11-28,Couch,Furniture,Neil Alexander,West,3,863,2589,2023-05-06
ed24560c-0f2e-4c01-8860-45359bf8aa5c,2024-11-16,T-Shirt,Clothing,Christopher Lewis,West,5,582,2910,2024-10-22
da4b93e2-ca9b-4472-9325-2e028449b2d0,2024-10-09,Bed,Furniture,David Marshall,South,1,605,605,2023-11-28
ecd17d96-b2ba-4ad4-856b-733866c1536d,2024-08-12,Headphones,Electronics,Paul Edwards,South,2,643,1286,2023-10-04
12f1c195-e61d-47db-938e-909232b55414,2024-09-18,Laptop,Electronics,Catherine Salazar,West,2,616,1232,2023-06-09
f981a529-e452-4cf3-9786-590a95199bb5,2024-12-22,Headphones,Electronics,Matthew Jacobs,North,5,923,4615,2024-03-15
c31cd95b-1523-4c13-b871-d6704bb01007,2024-06-20,Bed,Furniture,Annette Li,North,4,557,2228,2023-07-20
48edb6a8-8905-4f01-a374-fbe65e78e261,2024-12-12,Bookshelf,Furniture,Maria Osborn,North,5,215,1075,2024-05-10
782b866f-9f9d-4db2-a784-06df582e2a08,2024-08-25,Laptop,Electronics,Kaitlyn Munoz,North,4,119,476,2023-09-19
73904cb8-bf6b-4e02-95fd-ff0785b7541c,2025-01-17,Table,Furniture,Zachary Andrews,East,1,212,212,2023-09-12
34957ed3-2b35-4d75-bd4e-c277ed1b71fc,2024-07-28,Chair,Furniture,Logan Duran,East,5,397,1985,2023-11-03
67da400d-0359-424d-a010-3e21995fffaf,2024-05-24,Hat,Clothing,Jill Campbell,East,3,413,1239,2023-08-08
ee26da57-2e5e-47cc-918a-b8abae982ba5,2024-12-27,Smartphone,Electronics,Savannah Bernard,West,1,482,482,2024-12-01
b19da27b-14f6-49c6-8bb7-ac6900fe1e1a,2024-06-06,Bed,Furniture,Stephen White,East,4,938,3752,2024-05-08
7ab919e8-cd39-414f-8b76-a2c771350621,2024-12-05,Headphones,Electronics,Teresa Russo,East,1,686,686,2024-03-28
2278ace5-fcd6-441d-aaf1-0cb96bc597b0,2025-02-06,Table,Furniture,Julie Jackson,East,4,560,2240,2024-03-15
2fc51575-7ea6-4e92-b496-b6ebf2cf131b,2025-03-16,T-Shirt,Clothing,Arthur Noble DVM,West,2,306,612,2024-05-15
c075fbb4-6908-4f23-81e4-e16289113761,2024-11-01,Table,Furniture,Jamie Jacobson,North,1,969,969,2024-06-21
d346b72f-912f-4abd-9974-878238db870a,2025-01-04,Chair,Furniture,Sherri Wood,East,1,536,536,2023-09-26
aaca611c-bd6b-4942-92f7-ecce3fde72a1,2024-09-21,Bookshelf,Furniture,Susan Erickson,North,2,44,88,2023-04-27
e81816f8-814d-46b0-952c-9c2c03f606f2,2024-06-07,Smartwatch,Electronics,Margaret Mills,South,1,915,915,2023-06-15
3ba89f83-cee9-4dfc-aaee-79ab5bcd36e1,2024-10-31,Smartphone,Electronics,Shelby Davidson,West,5,189,945,2024-06-05
a81ffba3-70c7-49c9-a81c-72b4d214d39e,2024-09-07,Chair,Furniture,Crystal Lewis,West,4,336,1344,2024-03-11
224cf027-e66e-4df9-a2eb-4e19fe951dbf,2024-11-17,Bed,Furniture,Samuel Williams,East,2,999,1998,2024-04-12
afd9ae4b-8552-4855-aa0b-0c542d40b45e,2024-08-07,Tablet,Electronics,Maria Keller,South,3,637,1911,2023-07-28
2eec0308-563e-4538-b084-4e6e5b61f24c,2024-08-17,Headphones,Electronics,Terri Mills,East,3,869,2607,2024-01-12
09562572-0330-42ff-a7ec-7a976ff7180a,2024-11-20,Tablet,Electronics,Tyler Johnson,West,1,405,405,2023-05-28
0e9a3459-09c4-4239-b30d-8f95e523290a,2024-06-21,Jacket,Clothing,Nicole Jordan,South,5,110,550,2023-12-20
cf308661-a04d-4e03-8abd-28166035d787,2024-12-23,Bookshelf,Furniture,Elizabeth Cunningham DDS,North,4,646,2584,2024-01-12
575aab80-95ef-41b9-ad9d-63b2ac4a2eb6,2025-03-28,Table,Furniture,Mark Morrow,West,4,75,300,2024-03-20
33a7ac0c-f7c5-44fe-b3a5-0d20213b4e1f,2025-01-05,Bed,Furniture,Danielle Herring,East,5,91,455,2023-12-05
8ccec0db-1512-4c85-8904-8a0ec8b3c682,2024-10-25,Bookshelf,Furniture,Jordan Castro,East,4,271,1084,2023-12-30
9de90c8e-7ea7-4b73-9db3-80bb1c6a0a11,2024-06-29,Table,Furniture,Jared Garcia,West,4,661,2644,2023-12-26
f66bf5ba-3385-47a8-b2a1-9ca59f4a97f9,2024-09-02,Table,Furniture,Jason Pierce,West,4,971,3884,2023-12-28
285f9842-3293-4cf5-99cf-1592bc449f78,2025-04-04,Bed,Furniture,Debra Barrett,East,2,800,1600,2024-03-08
00f9dfc9-b5f4-4de7-b34d-04fd6163761c,2024-10-15,Jacket,Clothing,Molly Obrien,East,1,721,721,2024-04-17
84e7f3b4-48fa-4697-8127-f7e29a6cb8de,2024-05-11,Table,Furniture,Joseph Simpson,South,1,122,122,2024-03-07
bcdba7a8-58e1-4886-b423-581836252e83,2025-04-07,Couch,Furniture,Katherine Torres,North,2,604,1208,2023-05-23
d413066b-63ec-4737-91ea-40d9a78cd07c,2024-06-26,Smartphone,Electronics,Tyler Pena,East,4,723,2892,2024-02-17
8e0381d6-769f-4b78-95cf-0d58f2e9c489,2024-06-24,Jacket,Clothing,Michael Martin,West,2,51,102,2024-02-15
e859bed9-c33e-468c-aa93-05aec41f5b40,2024-08-06,Smartwatch,Electronics,Chelsea Perry,South,3,772,2316,2023-05-09
bc08c00b-ad19-4333-901c-4146e95374f7,2025-04-05,Sneakers,Clothing,Mark Young MD,North,4,565,2260,2025-03-23
87e2f4bb-9da0-4e5e-9267-80caa340bd3b,2024-08-18,Smartphone,Electronics,Linda Oliver,East,1,503,503,2023-10-26
ca6d56f0-e874-4e24-a32a-3fd5fdaba378,2025-03-22,Chair,Furniture,Lisa Bailey,South,4,697,2788,2023-08-17
96d198fb-10ef-4407-8e91-24389ac458f7,2024-06-06,Jacket,Clothing,Matthew Owens Jr.,East,3,243,729,2023-06-05
ea40914e-448e-4457-a961-fbac8c170aa3,2024-09-20,Tablet,Electronics,Christina Johnson,East,3,180,540,2024-05-24
3a1b18fb-ec37-4a9a-b951-f7727b559aa1,2024-08-30,T-Shirt,Clothing,Brandon Gentry,North,4,494,1976,2023-08-31
36c500be-dc49-4c37-ad17-03f0d9d0e8fc,2025-02-17,Hat,Clothing,Morgan Vega,North,4,513,2052,2024-02-23
23c7f687-b766-419f-9ef6-e9f7f7676940,2024-12-18,Smartphone,Electronics,Jessica Payne,North,4,829,3316,2023-11-10
996af4d2-93c4-4c3b-a230-49bd3cc8dd7e,2025-01-05,Smartwatch,Electronics,Ryan Palmer,North,4,853,3412,2024-03-23
13f85510-6984-46f0-9196-aa692b8a06ad,2025-04-20,Jeans,Clothing,Jeff Davenport,North,4,332,1328,2024-04-27
8cd0b2c3-5e21-42f0-a707-f2ff90447bfd,2024-05-06,Chair,Furniture,Jordan Simmons,West,2,30,60,2024-03-30
ad4db10f-5835-4f32-a4da-4fb4b6bf2e2f,2025-04-08,Couch,Furniture,Austin Palmer,East,4,886,3544,2023-10-21
38d258d7-240a-43a0-91ea-809d1759f3e6,2024-04-29,Headphones,Electronics,Jeffrey Downs,West,2,665,1330,2023-09-19
befda2d0-e1ba-4c13-8a16-64c2b7f0773c,2024-05-09,Hat,Clothing,Kelly Spence,East,3,85,255,2023-12-07
bd2867d4-9220-45c4-b135-4d7aa2e632af,2024-05-06,Chair,Furniture,Anthony Garcia,East,5,422,2110,2023-08-20
dcd848b4-b4ed-4c22-9614-d294f917faac,2024-06-30,T-Shirt,Clothing,Erica Riley,East,3,656,1968,2024-01-13
69c85650-aec6-4726-836e-47b45f39b3e6,2024-08-19,Chair,Furniture,Terrance Willis,North,2,133,266,2024-07-14
8aa85bcb-2791-4e9a-9d17-206a00c8e00d,2025-04-08,Jeans,Clothing,Jennifer Eaton,East,2,887,1774,2023-12-08
790d51a4-6077-4481-8e26-717535652611,2024-08-23,Bed,Furniture,Erica Christian,South,2,647,1294,2024-07-30
ccf19642-adff-4a8d-92e1-5ff0e8f6ea63,2024-06-24,Smartwatch,Electronics,James Zhang,West,2,450,900,2023-07-02
1d3f5b12-c33d-44d0-855c-e9ec7d7b1021,2025-01-02,Smartphone,Electronics,Trevor Smith,West,2,30,60,2023-06-10
0bb1830b-ea50-4da9-9495-58684e3b2b2b,2024-12-07,Jeans,Clothing,Regina Ware,South,3,211,633,2024-05-08
be4ab81d-5286-46a3-ac74-8739c4c99843,2024-08-07,Sneakers,Clothing,Michael Schultz,East,4,613,2452,2023-11-19
3e461c6b-e0b0-4377-9de0-c20528af5d6a,2024-12-10,T-Shirt,Clothing,Margaret Hayes,South,2,765,1530,2024-08-26
836f20bc-8f7a-4fe9-820c-ef713cd8f809,2025-02-13,Hat,Clothing,Jenny Meadows,East,4,335,1340,2025-01-06
d2cf75c1-ae83-4bd4-b79d-dfe706493fb9,2024-05-15,Hat,Clothing,James Jordan,East,3,554,1662,2023-07-08
da0a37dd-93c5-4863-b807-32c195964c72,2024-09-03,Headphones,Electronics,Ann Wheeler,South,2,593,1186,2024-02-17
2e837052-a8ac-4393-9320-f9b73b48efbe,2025-04-19,Jeans,Clothing,Mary Green,North,3,319,957,2023-08-10
57f23119-382b-43f6-8b55-f18b31c53e8a,2025-03-27,Couch,Furniture,Jeffrey Riley,West,2,785,1570,2024-03-07
dc6b94c1-4f40-4859-895e-c68e225d4e4e,2025-01-21,Laptop,Electronics,Robert Boyle,South,4,398,1592,2023-09-20
950365d4-34e4-4f50-ba48-668bdcf3f740,2024-07-31,Sneakers,Clothing,Craig Davis,South,4,212,848,2023-07-31
47672ec1-5766-4a59-a49c-cee2bda0dd3c,2024-10-13,Tablet,Electronics,Alan Barker,East,4,158,632,2024-09-22
a589eeed-3881-4835-bffa-c1dce93972f9,2024-11-10,Headphones,Electronics,Adriana York DDS,North,4,45,180,2024-05-04
6a82ba11-ff16-419f-a730-59c625fdc0ff,2024-10-16,T-Shirt,Clothing,Michelle Holland,West,4,355,1420,2024-10-08
46d9129f-d2ba-42df-9395-48e26a16d015,2024-06-05,Headphones,Electronics,Christian Bentley,North,3,709,2127,2024-05-18
3c0fde77-32c5-48bd-b972-0509e54686df,2024-08-29,Hat,Clothing,Amanda Lowe,East,5,608,3040,2023-08-08
0fde8a3e-ec5d-43b5-8282-229b84864aeb,2024-08-09,Sneakers,Clothing,Tommy Baker,North,4,421,1684,2023-06-13
e7992477-e47d-4985-9d6a-55021d8b9450,2024-09-30,Hat,Clothing,Samantha Schultz,West,1,912,912,2024-03-25
b3d2866e-1f23-41e1-b17d-e226f55f02f8,2025-03-10,Sneakers,Clothing,Cindy Sullivan,South,5,329,1645,2023-10-16
2ede7f8a-d6a1-44ab-9396-1d3998bf685f,2024-05-15,Jeans,Clothing,Mary Rowland,South,4,858,3432,2024-04-26
e2bcf7ad-a2c2-47e4-836b-cdd63fd212bc,2024-12-31,Table,Furniture,Wesley Abbott,East,1,224,224,2024-11-08
02548aca-37d4-4f94-9165-81aca908d1d8,2024-12-09,T-Shirt,Clothing,Harry Gilmore,South,4,524,2096,2024-03-24
c985ae32-0d4a-429a-aca7-4a1f7dc99d9a,2024-12-04,Laptop,Electronics,Aaron Oliver,East,4,786,3144,2023-12-21
55332b28-cd7d-49f4-b06a-317220298d5a,2024-11-24,Smartphone,Electronics,Anthony Wright,South,3,212,636,2023-08-18
8e1d1461-e5a2-4546-b20a-45bc221ceb38,2024-10-02,T-Shirt,Clothing,Alexander Green,East,2,975,1950,2024-08-10
c1310ab7-e239-483a-9b0c-aa9aa1bfea92,2025-03-21,T-Shirt,Clothing,Samantha Phillips,West,1,441,441,2024-06-04
f2b5a231-2e9d-49e8-aa86-b27e14543b1a,2024-12-12,Chair,Furniture,Hannah Perkins,South,3,405,1215,2024-09-28
a0a1fbcd-8dc6-4be4-87c6-01582392ccdd,2024-12-25,Couch,Furniture,Alexander Novak,North,2,262,524,2023-12-30
c13299bb-19d1-448c-810c-87d0ef6db0aa,2024-04-30,Smartwatch,Electronics,Ashley Charles,North,4,597,2388,2023-08-03
00766ef7-7251-4830-bf30-d776e08a689b,2024-10-22,Jacket,Clothing,Victoria Mercado,West,3,510,1530,2023-09-04
56a8add6-618b-4033-a650-692fde44e6e2,2024-12-06,Headphones,Electronics,Anne Atkinson,North,3,247,741,2024-09-11
53070b31-3d3c-464f-92d8-1f8bd6bdbc8b,2025-02-01,Hat,Clothing,Yolanda Taylor,West,5,995,4975,2024-06-05
22b07086-0975-41cf-bf91-694b1b7a38be,2025-02-16,Bookshelf,Furniture,Isaac Gordon,East,5,860,4300,2023-05-04
412d502a-8210-45f2-8c9a-3c3bc74ef926,2024-11-30,Jacket,Clothing,Todd Hughes,West,3,28,84,2024-06-26
47e61093-4d92-45bc-8cf3-f0cb3c59b2e2,2025-03-04,Jacket,Clothing,Rose Chavez,South,2,472,944,2024-06-17
5d4a6f10-d121-4bfa-b384-dce4203de295,2024-06-18,Jacket,Clothing,Kevin Lopez,West,1,945,945,2023-10-15
0008887c-a227-4eb1-a7ff-d145e1f935df,2024-09-23,T-Shirt,Clothing,Michael Vaughan,East,4,494,1976,2023-06-12
e7d09792-5575-4657-ba3f-ca3518d7c7d3,2024-12-09,Hat,Clothing,Michael Russell,East,4,864,3456,2024-10-08
fa276dec-2be6-4e03-8cbe-feaa94c85aea,2025-03-04,Couch,Furniture,Walter Melendez,South,3,308,924,2024-06-02
e96162ca-0626-4435-8f8a-70769d5c1dff,2024-05-08,Tablet,Electronics,James Thompson,East,4,148,592,2023-09-30
51b3fb93-1d8b-4439-bfb3-6005e2a243ab,2025-03-05,Smartwatch,Electronics,Timothy Pham,South,5,667,3335,2024-05-01
6c2060e5-67d6-4440-880c-bd0860082ee3,2024-10-22,Laptop,Electronics,Lisa Reid,West,4,705,2820,2023-08-29
e41c06d9-661c-45a2-9add-98e145ab04e2,2024-05-28,Jeans,Clothing,Nicholas Herrera,North,3,340,1020,2023-09-06
aba7226b-2a47-45b9-8e95-0ccf1a00c067,2024-06-06,Jacket,Clothing,Heather Wagner,West,3,852,2556,2023-08-15
ceef2746-86d7-452c-8c54-1a70b820b2cf,2024-07-28,Headphones,Electronics,Barbara Woodard,West,2,490,980,2023-07-13
3407aafe-6cda-407d-af5d-67201a96142a,2025-03-01,Tablet,Electronics,Jamie Acosta,South,1,410,410,2023-12-20
6e81a5c7-2ac9-450c-8eb8-74b643d222f6,2025-03-26,Smartphone,Electronics,John Hawkins,West,5,26,130,2025-03-04
49a2a9d3-8b8f-4f5d-9ede-97af8f1e7127,2024-11-19,T-Shirt,Clothing,Curtis Gomez,South,2,434,868,2024-01-25
a6d25df7-7b6f-42fb-b9f2-e3b03c2bdfeb,2025-01-08,Jeans,Clothing,Christina Moody,West,1,975,975,2024-10-11
32875de4-836b-431b-824d-4f5f7f37cc9f,2024-09-12,Jacket,Clothing,Ryan Villanueva,East,4,644,2576,2024-02-26
baca0603-1b94-49d7-974f-137086819d7b,2024-05-19,Jacket,Clothing,Martin Henderson,West,2,54,108,2024-01-15
00a63f06-2260-4167-b3a0-dd1ee2113227,2025-04-23,Smartphone,Electronics,Blake Austin MD,West,3,273,819,2024-11-02
d1fa3612-0488-4c13-9886-cab3dc47229a,2024-10-12,Chair,Furniture,Holly Webb MD,West,3,527,1581,2023-08-28
106ff5f2-dad4-4bb7-b3af-73963b70ff01,2025-01-21,Tablet,Electronics,Tammy Cervantes,West,2,964,1928,2024-12-28
30c2af5b-8c1c-4f84-bb57-9d3479d1d270,2024-06-01,Laptop,Electronics,Edwin Berry,West,3,115,345,2024-01-25
cff7a523-d604-4f3d-9ed9-afcbb1f0ffc0,2024-05-29,Smartphone,Electronics,Thomas Lloyd,West,2,616,1232,2023-12-01
49d8526c-edec-437e-8a13-7c7125779d9c,2024-06-15,T-Shirt,Clothing,Emily Anderson,East,4,441,1764,2024-03-12
0debe816-fb6e-4a01-ab9b-09869bcef0e5,2024-10-05,T-Shirt,Clothing,Timothy Brown,South,1,671,671,2023-07-05
a236a517-9f93-4b8f-9ab3-ca961ddae28f,2024-09-15,Hat,Clothing,Lori Spencer,North,1,875,875,2024-01-27
84e8059e-5f89-4fc4-b3ac-4a027c462ebb,2024-12-13,Hat,Clothing,Christopher Singh,West,2,930,1860,2024-06-02
9519778f-2342-4a6b-91a1-c5512d6adfa0,2025-01-30,T-Shirt,Clothing,James Mullins,East,1,746,746,2023-09-09
e5f9b00a-379f-41fa-96d4-a84217c9d772,2025-01-07,Jacket,Clothing,Mr. James Martinez,North,2,844,1688,2024-06-08
0d3f2305-0ea7-4a9b-b02f-f4e80ccb09b9,2025-02-11,Smartwatch,Electronics,Tiffany Bailey,East,5,92,460,2023-08-26
089b7245-f216-46c7-b4a4-d0237cf33d65,2024-09-15,Smartphone,Electronics,Shane Rodriguez,East,3,543,1629,2024-02-24
caba221d-fd43-41f4-9208-a98929c69b33,2024-05-10,Bed,Furniture,Louis Watson,West,4,674,2696,2023-08-22
677e4385-5332-4b45-aee3-45913edc927b,2024-06-25,Hat,Clothing,Katie Villanueva,East,4,735,2940,2023-10-30
f31086d9-a156-4ea8-b4ce-1bd301f269c5,2025-01-01,Chair,Furniture,Jessica Wolfe,South,5,801,4005,2024-07-19
689d37ca-e7a1-49b5-963b-ab25580b10aa,2024-05-11,T-Shirt,Clothing,Tyler Davis,West,3,113,339,2023-09-01
8d939973-b836-4165-b392-cfc25fa90193,2024-10-27,Laptop,Electronics,David Allison,East,1,716,716,2023-08-09
3be4971e-7d90-4bd4-81c1-03dea30931ca,2024-11-08,Tablet,Electronics,Charles Scott,East,1,590,590,2023-09-01
0b926c5b-e910-4153-976d-d031f92ff4cc,2024-10-05,Headphones,Electronics,Omar Stewart,North,1,716,716,2024-02-23
770615d5-592d-4ea7-8d9c-bbe995da1e09,2025-04-22,Headphones,Electronics,Joseph Newman,East,2,289,578,2023-07-21
7541a968-563f-4601-8f5b-5217b8b010f4,2024-12-26,Sneakers,Clothing,Barbara Edwards,North,4,734,2936,2024-05-02
c10bcecb-ce0c-4426-b8f5-e946ef3ea230,2024-10-07,Laptop,Electronics,Kevin Barber,South,2,836,1672,2023-11-03
08b91aaf-f50d-4697-9462-1c599581e998,2024-10-10,Couch,Furniture,Michael Jones,East,3,447,1341,2024-08-16
09e41a9a-b55f-429e-8530-f3c386ed1c67,2024-06-22,Jeans,Clothing,Michele Torres,East,2,850,1700,2023-09-06
06317a89-8325-4012-9f71-1dbb9d3ddc3e,2024-05-22,Smartphone,Electronics,Debbie Wong,West,2,661,1322,2023-05-12
69fdd893-f47e-465e-9085-452f726b4daf,2025-03-07,Headphones,Electronics,Lisa Adams,East,5,930,4650,2025-02-03
88237c61-c234-4eca-9d1b-ce10ca47692c,2024-07-04,Jeans,Clothing,David Hunter,West,5,879,4395,2023-10-23
a02acb69-21c0-4440-a72f-16fc4b2f904c,2024-12-20,Headphones,Electronics,Patrick Bailey,West,4,477,1908,2024-09-27
06b55303-6b52-4d78-84ab-55ac605210f0,2024-05-24,T-Shirt,Clothing,Christina Park,South,2,541,1082,2024-03-11
64dd8e65-7c0d-4d40-ab09-41f1535d4233,2024-08-16,Chair,Furniture,William Dennis,West,1,158,158,2023-12-11
653f58d4-addd-47eb-aeba-ddef132136e7,2024-06-21,Hat,Clothing,Christopher Braun,East,1,788,788,2023-08-12
d9333be8-83c9-404c-bb90-f93e0b6cce54,2025-02-21,Sneakers,Clothing,Lauren Wallace,North,4,605,2420,2024-11-08
9e364a0c-eae6-47c1-917c-63192a8d8cec,2024-09-04,Hat,Clothing,Jerry Stewart,East,3,833,2499,2024-03-24
8114c7c6-de4c-40fd-b8e0-a2131387cfc8,2024-12-31,Table,Furniture,Matthew Garza,South,3,266,798,2023-06-08
2d8d3953-34cb-4732-9a80-1cfbbdf1dbe1,2025-01-02,Smartwatch,Electronics,Lisa Roberts,West,3,259,777,2024-10-08
371b7517-02c8-4d9b-ba8c-59a3d9dc7437,2024-09-24,Jeans,Clothing,Heidi Pierce,North,1,846,846,2023-12-29
3b49a910-0d78-4950-b485-3963d9a45f7d,2025-02-27,Jacket,Clothing,Angela Knight,East,4,179,716,2025-01-15
12644783-1a12-42da-acc6-0b2432d3b844,2024-09-09,Smartwatch,Electronics,Cynthia Collier,North,1,777,777,2023-09-11
200fb8c2-1aaa-43cb-ac5e-581cf3d9e1b7,2024-11-08,Tablet,Electronics,Grant Martin,West,3,982,2946,2023-05-02
54a548f3-4eca-45f4-8316-6bba3ce29c8d,2024-12-24,Hat,Clothing,Jimmy Wagner,South,2,414,828,2024-06-10
a85dff23-8e34-4eec-ae64-09dd8ce32fd3,2025-02-15,Laptop,Electronics,James Olsen,South,4,691,2764,2023-11-29
7054ce5d-bd5c-4b64-a75d-f0a5c0234320,2024-06-20,Tablet,Electronics,John Hernandez,East,4,283,1132,2023-12-18
ea6d82af-45bd-4c4a-9e7e-1f2963006102,2024-11-12,Sneakers,Clothing,Jon Hanson,West,3,256,768,2023-12-29
444be00b-767d-4806-bdc5-73baf0a2cf67,2024-05-17,Headphones,Electronics,Stephen Turner,West,4,237,948,2023-11-29
66b8454d-cfbd-4ca9-854e-182425f835b9,2024-07-29,Headphones,Electronics,Steven Mays,East,3,949,2847,2024-05-29
914b305d-007e-4d9a-af85-68da4905abd7,2024-10-25,T-Shirt,Clothing,Brian Mayo,South,1,311,311,2024-09-11
da09568d-a9df-4078-a75c-81836fb35fd1,2024-10-12,Bed,Furniture,Timothy Kirk,South,1,415,415,2024-01-07
f77bbbe9-242a-4cfb-8516-9504566a6465,2025-01-27,Couch,Furniture,Christopher Rollins,East,3,473,1419,2024-09-18
032d779e-5ea8-4bf1-af38-831d485b8635,2024-06-28,Table,Furniture,Tanner Hampton,North,3,244,732,2023-10-10
ef46e9ed-06fd-4a43-9365-d8a489edf801,2025-04-21,Couch,Furniture,Angela Norton,South,1,467,467,2023-09-25
d1efa0ec-0129-4fbb-9c74-fbdfe99dc66b,2024-07-01,Bookshelf,Furniture,Frederick Pham,East,3,688,2064,2024-03-03
fcd0c6e2-10bf-4107-a9b4-efd344a4cc35,2024-09-16,Smartwatch,Electronics,Andrew Watson,West,1,771,771,2023-05-10
2e6bea09-7745-4db5-971f-99fd62bf6c5f,2024-05-26,Sneakers,Clothing,Robert Krause,North,3,217,651,2024-02-22
572ec303-d87a-4a84-b9bf-d7de29eed9bd,2025-03-30,Headphones,Electronics,Mrs. Nancy Jones DVM,South,5,270,1350,2023-06-04
342733a9-c2fb-4357-bd2b-7883f551f029,2024-11-02,Smartwatch,Electronics,Aaron Johnson,South,4,916,3664,2023-06-24
28ddc07e-3a22-445f-af21-9162ee9f043b,2025-03-06,Sneakers,Clothing,Charlotte James,North,2,798,1596,2024-07-08
ee283401-44fe-4b22-a537-8e58dd4ca9c7,2024-07-09,Tablet,Electronics,Haley Knight,South,5,489,2445,2024-02-29
c84d45f4-efe6-4428-9c48-6ed942b58e58,2024-05-29,Chair,Furniture,Jasmine Clark,South,5,976,4880,2023-08-24
b27060fc-780c-44ef-a3c0-e3ec47526b85,2024-11-23,Headphones,Electronics,Adrian Perez,North,1,238,238,2023-08-24
49c2fd84-761c-4c81-b079-3b16f8b10e1e,2025-03-26,Table,Furniture,Cynthia Salazar,South,3,58,174,2024-04-26
76739600-ce63-4b2d-a357-cdb12defc7a6,2024-12-19,T-Shirt,Clothing,Ian Cole,West,4,383,1532,2023-07-29
d0b5c4cb-5651-4f1d-8515-08b465c257a5,2025-02-17,Jacket,Clothing,John Dean,East,5,372,1860,2024-07-07
2b0da298-18bc-4b17-a5dc-aafd49c5aba6,2024-08-19,Laptop,Electronics,Kenneth Smith,West,3,736,2208,2024-04-10
b45a3929-251c-4492-a600-ab67b9a587f0,2024-12-14,Headphones,Electronics,James Hamilton,North,4,775,3100,2023-07-08
6ade9ac5-2ac4-4731-be88-81604130430b,2025-03-01,Hat,Clothing,Eric Miller,North,5,480,2400,2024-08-22
8683d4f2-208f-4e3a-997a-6c159bd809f8,2025-04-04,Bookshelf,Furniture,Adam Graham,North,4,911,3644,2023-11-29
5d458216-644d-4ffd-8813-8d9ad386c247,2024-08-24,Jacket,Clothing,Joseph Riley,West,3,269,807,2023-09-01
a0b4e700-3ebb-4273-9aff-e1b04c86dbcc,2024-12-25,Smartphone,Electronics,Diana Foster,West,4,927,3708,2023-09-22
702eb316-052c-4aa1-abd5-29e1384a9a55,2025-01-12,Smartwatch,Electronics,Diamond Thomas,North,2,353,706,2023-10-30
764c4002-4cea-4b12-8337-1992fbce28e6,2024-12-30,Sneakers,Clothing,Julie Cox,West,3,545,1635,2023-06-02
23b554aa-cc04-4c6e-93fe-2d01c4e6c79d,2024-08-23,Table,Furniture,Monica Dyer,West,3,99,297,2023-11-03
826a23d0-282f-4a49-b058-c35ce62940af,2025-03-15,Jeans,Clothing,Bobby Russell,West,4,608,2432,2024-08-08
f14cbd4a-e511-43d5-ad49-13bdaf2d7a0f,2024-10-15,Table,Furniture,Jerry Sanchez,South,4,818,3272,2023-06-13
4e9226f5-e6b3-44ab-a807-135b29a72e35,2025-02-07,Couch,Furniture,Christopher Johnson,West,2,928,1856,2025-01-12
8971a06b-28df-4f03-8b22-952ca8f55940,2025-02-10,Tablet,Electronics,Margaret Allen,North,3,105,315,2024-06-11
f0d114d5-103b-4844-b694-88f39822b661,2025-04-23,Smartwatch,Electronics,Kyle Hernandez,South,1,405,405,2024-01-10
80116fe7-a008-4ab9-859b-e7cba69969f5,2024-12-17,Laptop,Electronics,Alan Cantrell,East,1,258,258,2023-08-04
ab663c89-c812-43c9-a781-9170b4af8314,2024-12-07,Smartphone,Electronics,Warren Mendoza,West,5,499,2495,2023-09-28
2a576e37-8fd6-4d75-b475-eb380fc10740,2025-03-21,Chair,Furniture,Jeffrey Johnson,East,4,388,1552,2024-02-25
a8c3e7bb-fa1c-4afe-be87-aa60e54ac41f,2024-12-20,Sneakers,Clothing,Brooke Jones,North,2,684,1368,2023-07-04
9f62b5c1-28e7-4451-986f-f82e9e334479,2025-01-15,Smartwatch,Electronics,Hannah Salazar,East,1,979,979,2023-05-31
9385fbd4-ea5f-4521-aba2-35002a4fb94e,2025-02-04,Sneakers,Clothing,Jamie Hunter,East,2,890,1780,2023-08-16
f905fe74-4cf1-4993-9eca-b3d91690dc95,2024-09-21,T-Shirt,Clothing,Lucas Mays,South,5,956,4780,2023-12-16
2fea8cb3-5f85-4d62-abd8-df1af57df310,2025-03-05,Table,Furniture,Brandon Jones,East,4,922,3688,2023-08-30
c0a07ee4-fc6b-4174-bb62-9edd4e42e6b1,2024-07-28,Tablet,Electronics,Kathryn Glover,West,5,76,380,2023-07-02
5b26f656-257a-4995-878b-32ba173ba7c2,2024-05-09,Smartphone,Electronics,Daniel Moore,South,1,432,432,2023-07-03
e26068e6-ddd1-4ab8-b661-94deb016cb63,2025-03-07,Smartphone,Electronics,Dr. Jamie Watts,East,4,38,152,2025-01-13
deee19e5-35d2-42b5-a32c-4db96c7678b2,2025-02-21,Smartwatch,Electronics,Mike Miller,South,3,659,1977,2024-01-01
f54db546-f978-43ea-80b5-b0927fbd50a7,2024-07-26,Couch,Furniture,Jeffery Powell,North,3,369,1107,2024-04-24
d38a6a64-d95a-4b04-9260-f1d4af958021,2024-08-13,Hat,Clothing,Bianca Owens,West,4,592,2368,2023-07-04
c5c26082-3659-4639-8074-4172dd1aff2e,2024-07-07,Smartphone,Electronics,Eric Morris,West,1,114,114,2023-12-05
a34ea936-868c-427a-b1db-11b0f41c2a02,2024-11-02,Hat,Clothing,Bailey Gentry,West,4,743,2972,2024-04-14
ffafb5ec-143a-4d71-8f78-c771bc21398e,2025-02-17,Tablet,Electronics,Kelly Ramirez,North,3,461,1383,2024-12-26
f9328f4d-abb7-440e-b493-a23a54e90e93,2025-03-16,Bookshelf,Furniture,Walter Hale,South,4,675,2700,2024-02-19
87bb7fed-7f0e-4f45-b6d9-e1dec0b3b999,2025-02-10,Tablet,Electronics,Ryan Riley,South,1,550,550,2023-05-12
fee7eab8-a703-477e-abeb-6f78aeeb8a43,2025-03-22,Headphones,Electronics,Linda Fisher,East,2,211,422,2023-06-18
8ebd737e-8ac2-405d-8e7a-e9b4656eac45,2024-08-26,Tablet,Electronics,Christopher Brooks,North,1,812,812,2023-06-15
6aa881cb-3712-446c-bbc7-96534545b7a8,2024-12-03,Smartphone,Electronics,Eric Tucker,West,1,309,309,2023-05-07
ed95fc71-aa09-4c05-bc88-738ec8e6ed3a,2024-10-12,Tablet,Electronics,Angela Ramirez,South,5,948,4740,2024-01-04
25ce0bf9-b26f-499f-8ccd-aa92c81fcca8,2024-06-23,Smartphone,Electronics,Linda Campbell,West,2,878,1756,2024-05-15
56775f04-9bba-4c81-ab22-18db18642f3e,2025-03-11,Table,Furniture,Shannon Keller,West,2,692,1384,2023-06-18
588f26ab-8d8a-4aad-9e68-5f4a453c9d01,2024-05-10,Hat,Clothing,Richard Hernandez,North,4,116,464,2024-01-27
002ea61b-4e7d-4e54-b199-44689701b91c,2024-05-13,Smartphone,Electronics,Andre Barry,South,1,965,965,2024-05-04
ca01d729-f192-4c25-842e-141bd5f06750,2024-12-27,Tablet,Electronics,Luis Young,West,4,563,2252,2023-12-02
24c86a1e-1b46-4789-9f78-e104944113ba,2024-11-04,Couch,Furniture,Marissa Ramos,West,5,100,500,2024-05-06
5ce01127-7279-49ce-bd7f-179bb1b765a3,2024-09-12,Hat,Clothing,Joel Phelps,East,2,225,450,2024-04-01
c8756ee4-d210-415f-a6e5-741d47032174,2025-04-05,Sneakers,Clothing,Alexander Anderson,South,5,763,3815,2023-12-27
413a1234-31d5-4783-aabb-34b72c5f825e,2024-05-07,Headphones,Electronics,Ryan Lopez,West,1,991,991,2023-10-24
1d7a8a8d-09db-4a80-b372-68344d3a4950,2025-01-31,Jacket,Clothing,Mrs. Amber Davis DDS,East,1,344,344,2023-11-15
43cf99ac-a816-4865-80f7-23fae5b007d4,2024-05-05,Bed,Furniture,Adam Wu,South,3,88,264,2024-05-04
70b065ba-4b4e-43f7-8d9c-10f01f6491f9,2025-02-03,Chair,Furniture,Tracy Chapman,North,4,411,1644,2024-08-19
073dea3c-4dda-45d5-a2ac-e1e02127530b,2025-02-17,Smartphone,Electronics,Theresa Robinson,South,2,765,1530,2024-11-13
2d33cd36-4dd2-478d-8efd-585ca46d9837,2024-09-15,Jeans,Clothing,Matthew Jackson,East,4,584,2336,2023-07-25
8f58e6ac-98e7-40e4-8447-c41bf6686549,2024-08-16,Jeans,Clothing,Joseph Adams,West,2,140,280,2023-12-26
951be689-07d9-49c0-9bbd-9c880acc9f56,2024-09-08,T-Shirt,Clothing,Robert Arellano,East,1,473,473,2024-03-12
4f9772b0-ef89-457e-8808-ed80ff6549b8,2024-11-10,Bed,Furniture,Michael Ellis,West,2,262,524,2023-12-28
278bba96-bf7a-47d2-8b31-ce114ab91c75,2024-11-02,Smartphone,Electronics,Nathan Curtis MD,South,4,426,1704,2024-08-24
6528d431-f86c-4066-82a7-1754bbee67f4,2024-06-14,Headphones,Electronics,Christine Howell,North,4,518,2072,2023-07-18
5b66b755-f859-4d09-97a4-a70ed814d15a,2024-08-22,T-Shirt,Clothing,Jordan Cooper,West,5,131,655,2023-09-13
e3f8bf7b-3f4f-4b4e-9bfe-36f73141f757,2025-02-26,Tablet,Electronics,Dustin Brown,West,5,697,3485,2023-05-11
b58f52fa-17fa-4e97-b084-2dc1e6ccaf97,2025-03-17,Sneakers,Clothing,Ana Dickson,North,4,750,3000,2023-09-03
fd8d9af0-23c2-4a1a-a496-b7fae5e6371e,2024-09-01,Smartphone,Electronics,Molly Ruiz,West,2,872,1744,2023-07-08
f2008efe-a609-4d32-8c40-b8e22d043c82,2024-05-29,Table,Furniture,Nina Morales,South,1,54,54,2023-07-21
ef99ad01-ab22-477f-95fc-126d3e1f1f63,2024-06-06,Smartwatch,Electronics,Erika Wilcox,East,4,176,704,2023-10-12
21e2ab3a-2067-493c-a8a2-8fac21df8ba9,2025-04-01,Headphones,Electronics,Derek Thomas DVM,West,1,880,880,2023-08-12
f51d2816-0aeb-4c71-9dc7-f3ef87df623f,2024-08-13,Laptop,Electronics,Jamie Santos,East,1,754,754,2023-05-08
ab8b0c93-840e-4cdf-baad-5e74af135ac7,2024-08-14,Sneakers,Clothing,Tiffany Moore,East,2,519,1038,2023-11-30
765fe431-b030-4312-bca0-662a9a227bbd,2024-05-26,Laptop,Electronics,Cristian Thornton,West,4,853,3412,2023-07-20
075fb891-7e92-4b8d-a17f-7bea80fda178,2025-03-15,Laptop,Electronics,Cathy Brown,West,3,37,111,2023-07-19
46ffca89-3185-4b5c-861f-4ec9b6b2a5db,2024-05-25,Tablet,Electronics,Paul Butler,East,2,80,160,2024-01-20
e623637b-a6cc-4869-94f0-2393f1ac6a73,2024-12-21,Hat,Clothing,Allen Hogan,West,1,839,839,2023-11-23
2ecb8aba-22b4-4a3d-a46c-b833fba26938,2024-04-30,Laptop,Electronics,Brian Parks,East,1,908,908,2023-08-13
83d6c40e-fd75-4be7-bdae-7f43c8859055,2025-02-27,Smartphone,Electronics,Patricia Wilson,South,5,792,3960,2024-09-26
30487899-8f3c-4cf6-9788-0d8d1320414d,2024-12-24,Table,Furniture,Brandon Miller,North,2,764,1528,2023-06-21
e3a79706-278a-4aa3-8830-26cacc9075ed,2024-08-26,Chair,Furniture,Sarah Gibson,West,1,866,866,2024-06-12
d0bbf62f-2d99-4cbd-9647-64c8bd4ff9cf,2024-12-14,Bookshelf,Furniture,Ashley Wilson,South,1,821,821,2023-10-27
dca5daf5-e9fd-4010-ad2e-2e84f49cf087,2024-12-11,Smartphone,Electronics,Brian Ross,South,2,242,484,2023-07-03
0905c665-e2b2-4b34-bd41-fa777e7cd3c9,2024-05-07,Jeans,Clothing,Terry Garcia,West,3,618,1854,2023-08-23
87ef1012-6582-4429-9293-1ef27a918937,2024-10-14,Bookshelf,Furniture,Alyssa Peck,South,2,729,1458,2024-03-06
c1ab231a-1540-42f5-9dc8-66d8dffbc4d4,2025-03-22,T-Shirt,Clothing,Erik Parker,West,4,450,1800,2024-05-18
97844e80-d4c2-4261-b187-312cf1015ffa,2025-02-07,Smartwatch,Electronics,Steven Perry,South,4,147,588,2023-09-29
b25ab9cb-174d-4e3a-875d-2c9f7cffcaf9,2024-11-29,Laptop,Electronics,Robert Mason,West,2,616,1232,2024-03-02
8ec802e5-dcfb-4023-b77a-6fe3b85908cb,2024-08-24,Headphones,Electronics,Jamie Torres,North,2,225,450,2023-06-11
a46b37e3-97de-4661-bad6-ddbbaf69859b,2024-10-04,T-Shirt,Clothing,Leah Rocha,East,4,91,364,2024-03-27
8e25392e-62c1-4730-ae1d-1c9c3d0cf181,2024-05-01,Smartphone,Electronics,Donna Pierce,East,4,45,180,2023-08-25
64a71c44-5567-4ec9-8b77-41ab0b057670,2024-07-17,Bookshelf,Furniture,Rebecca Sanchez,East,3,739,2217,2024-07-02
d46fde1e-bbe6-46eb-9f59-a373b2bfa2fb,2024-08-05,Chair,Furniture,Ryan Garcia,West,3,644,1932,2023-08-04
d8466b1f-4b4f-4932-b949-355ed7eda196,2025-04-07,Table,Furniture,Douglas Stein,North,1,175,175,2023-12-18
bf673d2e-62b1-409d-aee1-1b27925a635c,2024-06-23,Couch,Furniture,Renee May,North,2,227,454,2023-09-03
d4328d57-47e7-454e-9a85-112523f17b34,2024-05-14,Bookshelf,Furniture,Zachary West,South,2,916,1832,2024-02-17
3a6c2e9f-6508-4ae1-a68b-5407bb8c3163,2024-09-18,Bed,Furniture,Sheila Ayala,East,3,668,2004,2023-12-15
e7f57c75-7b7d-404d-9e79-b71d5c0bf281,2024-07-01,Hat,Clothing,Lynn Green,East,3,944,2832,2024-02-09
00f9d1d1-bc04-4abc-b8f0-279ada31fb8d,2025-01-06,Hat,Clothing,Mrs. Ariel Anderson MD,North,3,556,1668,2024-03-02
2a50633f-5fc9-4c3f-bfcf-e5596a39215e,2024-12-28,Jeans,Clothing,Justin Williams,South,3,145,435,2023-04-29
12d029fb-b50b-406a-94dc-ad95c318681b,2024-04-28,Bookshelf,Furniture,Sarah Gentry,East,4,774,3096,2023-05-25
7e8696ff-a9ac-4a54-8927-0e53561bb1cd,2025-04-02,Smartwatch,Electronics,John Jimenez,West,4,774,3096,2024-10-05
48c61ebe-370f-41ed-853f-7bde095ccd8e,2025-02-16,Jacket,Clothing,Christopher Wagner,East,4,56,224,2023-08-16
a4ba1ec9-37dd-4f80-bda9-5baebbd75feb,2024-07-31,Bookshelf,Furniture,Mr. Erik Hunter,South,3,794,2382,2024-02-18
8a0856ad-54de-4e3c-bd5e-2d62d67a440d,2025-04-01,Tablet,Electronics,Gabrielle Barry,South,4,191,764,2024-07-21
a06fbcec-cd84-4dcf-be17-e8d6fd67bd9b,2024-06-13,Chair,Furniture,Zachary Moore,North,5,998,4990,2023-07-28
15e54321-174f-4b54-9de9-49e01e2742bf,2024-07-11,T-Shirt,Clothing,Danielle Sawyer,North,2,453,906,2024-03-02
b091f0c7-7709-4686-b8ea-3930e0f35076,2024-06-01,Chair,Furniture,Samantha Irwin,East,1,359,359,2024-05-28
ae71b192-2af7-4482-b569-1067c837ef5b,2024-06-18,Smartwatch,Electronics,Ryan Norman,North,1,596,596,2023-08-21
e494bb57-ac3a-4776-95e2-fe82c1691cbf,2024-05-21,Chair,Furniture,Mr. Michael Morris,North,2,848,1696,2023-07-07
a2ce06b9-2a8e-4672-ba1e-e0b6a9d311ca,2024-12-03,Sneakers,Clothing,Cynthia Williams,West,1,91,91,2023-10-15
c159a5f3-a65e-4eb4-9aeb-c2ac085511a0,2024-05-06,Table,Furniture,Brandon Hernandez,East,1,199,199,2023-10-24
cc94ca31-88c2-4d6f-92a3-6db6f0281a2a,2025-04-14,Sneakers,Clothing,Mr. Benjamin Henderson,North,4,189,756,2024-11-07
609967f1-e2f7-44f4-9873-48501c71d42d,2024-07-03,Jeans,Clothing,Andrew Campbell,East,3,869,2607,2023-05-19
ab4ae4cb-d7e5-4db4-8de3-aa28d2c7a285,2024-10-15,T-Shirt,Clothing,Ryan Mullins,North,3,891,2673,2023-08-31
9c99c1d9-79a2-4da4-98d3-66730d9545bf,2024-05-12,Bookshelf,Furniture,Corey Coleman,East,3,747,2241,2023-10-23
43ccca4f-bdb2-42ca-88f4-9773290dcacb,2024-04-30,Jacket,Clothing,Gloria Barber,North,5,285,1425,2023-11-05
a46f377e-f500-421e-9bcb-3c435ab89d3a,2024-08-31,Laptop,Electronics,Kristin Mays,West,3,27,81,2023-09-08
4fda50aa-72b5-401c-b645-604fc36933cb,2024-05-08,Bed,Furniture,Mr. Jonathan Davis,East,3,535,1605,2023-11-01
9559e37a-db89-49aa-804a-1dfabe0647c5,2025-01-12,Jeans,Clothing,Elizabeth Abbott,South,1,326,326,2024-01-10
99a3a57a-657c-42ef-8bf9-09dd8745f4db,2024-08-26,Chair,Furniture,Eric Krause,North,4,983,3932,2024-04-22
917aff19-cac8-4ebb-a78a-162a92e8b35f,2025-03-28,Bed,Furniture,Kristina Ware,West,5,338,1690,2023-10-31
e24691d1-a50c-4d59-8002-7b653d1e89b9,2025-01-02,Jeans,Clothing,Scott Blanchard,West,3,261,783,2023-11-23
74e76335-689d-41b5-a9fd-c53ac364bbc7,2024-08-07,Sneakers,Clothing,Patrick Johnson,East,5,887,4435,2024-01-12
32e20522-36f2-43a0-8a76-7ac641575189,2025-01-06,Jacket,Clothing,Mark Brown,West,3,112,336,2024-09-08
01aaeac1-7731-4bc2-a91e-305559c50113,2024-06-09,Bed,Furniture,Jasmine Martin,North,1,178,178,2024-06-02
dc7ec10f-7126-463c-9b07-cca6b9969558,2024-07-03,Laptop,Electronics,Susan Burke,West,3,805,2415,2023-09-16
c83f7406-c4c2-4029-b658-032b11eaa75d,2025-04-16,Laptop,Electronics,Matthew Ward,West,2,945,1890,2024-11-09
20d3ec12-a08d-43da-90bb-f2d8f1d92bf6,2024-07-13,Tablet,Electronics,James Adams,West,4,419,1676,2024-04-14
0c4247f5-813b-4176-9faa-863bd8faf16e,2024-12-21,Jacket,Clothing,Yvonne Silva,East,4,789,3156,2024-07-02
87d37e21-4886-4076-b22e-03d90fa24501,2025-04-24,Tablet,Electronics,Justin Russell,East,3,354,1062,2024-03-20
6df3d348-bbe5-4129-badd-4fb0dec25baa,2024-09-02,Chair,Furniture,John Peterson,East,3,242,726,2023-09-05
35fbd002-5c03-4ab2-a016-f02a112b6003,2025-04-23,Chair,Furniture,Philip Ochoa,West,3,834,2502,2023-11-23
883a4926-3d50-428b-959d-4c910c384f07,2025-04-06,Smartphone,Electronics,Mary Williams,East,4,358,1432,2024-06-15
0313be11-5396-4656-a71e-ecbead7754be,2024-07-13,Bed,Furniture,Ann Dixon DDS,South,4,695,2780,2024-04-03
1d36f837-68ad-42e8-9120-01760f1415b4,2024-10-23,Jacket,Clothing,Rebecca Russo,North,1,890,890,2024-08-10
ceb2b4cb-f96e-40b3-8a19-3893b5f3cbc1,2024-07-23,Couch,Furniture,Lisa Ortiz,West,4,515,2060,2023-08-22
9329f33a-0169-4a28-b81f-c228ff212733,2024-12-22,Bookshelf,Furniture,Jennifer Marsh,North,2,606,1212,2023-08-16
2c79cde0-f1e0-4572-a613-1d03ed5c1b76,2024-10-28,Smartwatch,Electronics,Micheal Miller,North,2,759,1518,2024-06-18
1925aba8-a325-4270-8cd3-848cad37b7f9,2024-07-07,Laptop,Electronics,Hannah Conner,South,3,384,1152,2023-10-17
e2837c04-8351-4a71-a8a0-2dcc2fefa477,2024-06-06,Table,Furniture,Joshua James,North,3,604,1812,2023-06-14
0f369c61-3d6f-45ce-94fb-08e8eaf6c75c,2025-02-25,Smartphone,Electronics,Lee Paul,West,4,59,236,2023-12-20
3d6f3b5d-e623-452e-b5f8-5f24555e9944,2024-08-06,Jeans,Clothing,Laura Green,South,5,459,2295,2023-09-16
